{
  "degree_centrality": {
    "Yuri de Almeida Malheiros Barbosa": 1.0,
    "Alan Kelon Oliveira de Moraes": 0.021739130434782608,
    "Lincoln David Nery e Silva": 0.021739130434782608,
    "Daniela Coelho Batista Guedes Pereira": 0.021739130434782608,
    "Giorgia de Oliveira Mattos": 0.021739130434782608,
    "Leonardo Vidal Batista": 0.021739130434782608,
    "Josilene Aires Moreira": 0.021739130434782608,
    "Elizabet Maria Spohr de Medeiros": 0.021739130434782608,
    "Liliane dos Santos Machado": 0.021739130434782608,
    "Danielle Rousy Dias Ricarte": 0.021739130434782608,
    "Hamilton Soares da Silva": 0.021739130434782608,
    "Glêdson Elias da Silveira": 0.021739130434782608,
    "Yuska Paola Costa Aguiar": 0.021739130434782608,
    "Felipe Antonio Garcia Moreno": 0.021739130434782608,
    "Mardson Freitas de Amorim": 0.021739130434782608,
    "Ed Porto Bezerra": 0.021739130434782608,
    "Kely Diana Villacorta Villacorta": 0.021739130434782608,
    "Valdecir Becker": 0.021739130434782608,
    "Marcelo Iury de Sousa Oliveira": 0.021739130434782608,
    "Alisson Vasconcelos de Brito": 0.021739130434782608,
    "Verônica Maria Lima Silva": 0.021739130434782608,
    "Leandro Carlos de Souza": 0.021739130434782608,
    "Gustavo Charles Peixoto de Oliveira": 0.021739130434782608,
    "Alvaro Francisco de Castro Medeiros": 0.021739130434782608,
    "Clauirton de Albuquerque Siebra": 0.021739130434782608,
    "Thaís Gaudencio do Rêgo": 0.021739130434782608,
    "José Antônio Gomes de Lima": 0.021739130434782608,
    "Aparecido Jesuino de Souza": 0.021739130434782608,
    "Carlos Eduardo Coelho Freire Batista": 0.021739130434782608,
    "Teobaldo Leite Bulhões Júnior": 0.021739130434782608,
    "Jairo Rocha de Faria": 0.021739130434782608,
    "Derzu Omaia": 0.021739130434782608,
    "Tiago Maritan Ugulino de Araújo": 0.021739130434782608,
    "Ewerton Monteiro Salvador": 0.021739130434782608,
    "Gilberto Farias de Sousa Filho": 0.021739130434782608,
    "Lucidio dos Anjos Formiga Cabral": 0.021739130434782608,
    "Moises Dantas dos Santos": 0.021739130434782608,
    "Gustavo Henrique Matos Bezerra Motta": 0.021739130434782608,
    "Iguatemi Eduardo da Fonseca": 0.021739130434782608,
    "Sérgio de Carvalho Bezerra": 0.021739130434782608,
    "Tiago Pereira do Nascimento": 0.021739130434782608,
    "Fernando Menezes Matos": 0.021739130434782608,
    "Andréa Vanessa Rocha": 0.021739130434782608,
    "Luciano Sales Barros": 0.021739130434782608,
    "Ruy Alberto Pisani Altafim": 0.021739130434782608,
    "Andrei de Araujo Formiga": 0.021739130434782608,
    "Adriana Carla Damasceno": 0.021739130434782608
  },
  "betweenness_centrality": {
    "Yuri de Almeida Malheiros Barbosa": 1.0,
    "Alan Kelon Oliveira de Moraes": 0.0,
    "Lincoln David Nery e Silva": 0.0,
    "Daniela Coelho Batista Guedes Pereira": 0.0,
    "Giorgia de Oliveira Mattos": 0.0,
    "Leonardo Vidal Batista": 0.0,
    "Josilene Aires Moreira": 0.0,
    "Elizabet Maria Spohr de Medeiros": 0.0,
    "Liliane dos Santos Machado": 0.0,
    "Danielle Rousy Dias Ricarte": 0.0,
    "Hamilton Soares da Silva": 0.0,
    "Glêdson Elias da Silveira": 0.0,
    "Yuska Paola Costa Aguiar": 0.0,
    "Felipe Antonio Garcia Moreno": 0.0,
    "Mardson Freitas de Amorim": 0.0,
    "Ed Porto Bezerra": 0.0,
    "Kely Diana Villacorta Villacorta": 0.0,
    "Valdecir Becker": 0.0,
    "Marcelo Iury de Sousa Oliveira": 0.0,
    "Alisson Vasconcelos de Brito": 0.0,
    "Verônica Maria Lima Silva": 0.0,
    "Leandro Carlos de Souza": 0.0,
    "Gustavo Charles Peixoto de Oliveira": 0.0,
    "Alvaro Francisco de Castro Medeiros": 0.0,
    "Clauirton de Albuquerque Siebra": 0.0,
    "Thaís Gaudencio do Rêgo": 0.0,
    "José Antônio Gomes de Lima": 0.0,
    "Aparecido Jesuino de Souza": 0.0,
    "Carlos Eduardo Coelho Freire Batista": 0.0,
    "Teobaldo Leite Bulhões Júnior": 0.0,
    "Jairo Rocha de Faria": 0.0,
    "Derzu Omaia": 0.0,
    "Tiago Maritan Ugulino de Araújo": 0.0,
    "Ewerton Monteiro Salvador": 0.0,
    "Gilberto Farias de Sousa Filho": 0.0,
    "Lucidio dos Anjos Formiga Cabral": 0.0,
    "Moises Dantas dos Santos": 0.0,
    "Gustavo Henrique Matos Bezerra Motta": 0.0,
    "Iguatemi Eduardo da Fonseca": 0.0,
    "Sérgio de Carvalho Bezerra": 0.0,
    "Tiago Pereira do Nascimento": 0.0,
    "Fernando Menezes Matos": 0.0,
    "Andréa Vanessa Rocha": 0.0,
    "Luciano Sales Barros": 0.0,
    "Ruy Alberto Pisani Altafim": 0.0,
    "Andrei de Araujo Formiga": 0.0,
    "Adriana Carla Damasceno": 0.0
  },
  "density": 0.0425531914893617,
  "clustering": 0.0
}